{"cameraMode":{"drawMode":0,"name":"Shaded","section":"Shading Mode"},"sceneLighting":false,"audioPlay":false,"sceneViewState":{"showFog":true,"showMaterialUpdate":true,"showSkybox":false,"showFlares":true,"showImageEffects":true,"showParticleSystems":true},"in2DMode":false,"pivot":{"x":-2.5637528896331789,"y":8.833609580993653,"z":-7.808255672454834},"rotation":{"x":0.388770192861557,"y":0.006375802680850029,"z":-0.002650208305567503,"w":0.9213471412658691},"size":0.8660253882408142,"orthographic":false}