{"cameraMode":{"drawMode":0,"name":"Shaded","section":"Shading Mode"},"sceneLighting":true,"audioPlay":false,"sceneViewState":{"showFog":true,"showMaterialUpdate":true,"showSkybox":true,"showFlares":true,"showImageEffects":true,"showParticleSystems":true},"in2DMode":false,"pivot":{"x":1.9008570909500123,"y":-0.15927991271018983,"z":3.873716354370117},"rotation":{"x":0.1184389516711235,"y":-0.0381501279771328,"z":0.004762259777635336,"w":0.992383599281311},"size":10.0,"orthographic":false}