{"cameraMode":{"drawMode":0,"name":"Shaded","section":"Shading Mode"},"sceneLighting":false,"audioPlay":false,"sceneViewState":{"showFog":true,"showMaterialUpdate":true,"showSkybox":false,"showFlares":true,"showImageEffects":true,"showParticleSystems":true},"in2DMode":false,"pivot":{"x":6.940000057220459,"y":0.6600000858306885,"z":23.940000534057618},"rotation":{"x":0.49494796991348269,"y":-0.1641211360692978,"z":0.09567075967788696,"w":0.8480165600776672},"size":0.8660253882408142,"orthographic":false}