{"cameraMode":{"drawMode":0,"name":"Shaded","section":"Shading Mode"},"sceneLighting":false,"audioPlay":false,"sceneViewState":{"showFog":true,"showMaterialUpdate":true,"showSkybox":false,"showFlares":true,"showImageEffects":true,"showParticleSystems":true},"in2DMode":false,"pivot":{"x":-1.1006269454956055,"y":4.799779891967773,"z":-1.4803754091262818},"rotation":{"x":0.3178175985813141,"y":-0.11257363110780716,"z":0.03807119280099869,"w":0.940772533416748},"size":0.5196152329444885,"orthographic":false}