{"cameraMode":{"drawMode":0,"name":"Shaded","section":"Shading Mode"},"sceneLighting":false,"audioPlay":false,"sceneViewState":{"showFog":true,"showMaterialUpdate":true,"showSkybox":false,"showFlares":true,"showImageEffects":true,"showParticleSystems":true},"in2DMode":false,"pivot":{"x":-12.713846206665039,"y":-0.5066890716552734,"z":-17.117679595947267},"rotation":{"x":0.1817384660243988,"y":-0.7979656457901001,"z":0.29392898082733157,"w":0.49411702156066897},"size":3.2077622413635256,"orthographic":false}