{"cameraMode":{"drawMode":0,"name":"Shaded","section":"Shading Mode"},"sceneLighting":false,"audioPlay":false,"sceneViewState":{"showFog":true,"showMaterialUpdate":true,"showSkybox":false,"showFlares":true,"showImageEffects":true,"showParticleSystems":true},"in2DMode":false,"pivot":{"x":6.039297103881836,"y":12.318455696105957,"z":1.9352267980575562},"rotation":{"x":0.5001088380813599,"y":-0.014822795987129212,"z":0.008519717492163182,"w":0.8658262491226196},"size":1.436730146408081,"orthographic":false}