{"cameraMode":{"drawMode":0,"name":"Shaded","section":"Shading Mode"},"sceneLighting":true,"audioPlay":false,"sceneViewState":{"showFog":true,"showMaterialUpdate":true,"showSkybox":false,"showFlares":true,"showImageEffects":true,"showParticleSystems":true},"in2DMode":false,"pivot":{"x":55.351959228515628,"y":-23.917587280273439,"z":2.659336566925049},"rotation":{"x":-0.12127459794282913,"y":-0.6239864826202393,"z":0.09912320226430893,"w":-0.7657204866409302},"size":13.78115177154541,"orthographic":false}