{"cameraMode":{"drawMode":0,"name":"Shaded","section":"Shading Mode"},"sceneLighting":false,"audioPlay":false,"sceneViewState":{"showFog":true,"showMaterialUpdate":true,"showSkybox":false,"showFlares":true,"showImageEffects":true,"showParticleSystems":true},"in2DMode":false,"pivot":{"x":109.14022827148438,"y":5.246746063232422,"z":-1.5718050003051758},"rotation":{"x":0.13369016349315644,"y":0.659049928188324,"z":-0.12094531953334809,"w":0.7302631139755249},"size":4.780121803283691,"orthographic":false}