{"cameraMode":{"drawMode":0,"name":"Shaded","section":"Shading Mode"},"sceneLighting":false,"audioPlay":false,"sceneViewState":{"showFog":true,"showMaterialUpdate":true,"showSkybox":false,"showFlares":true,"showImageEffects":true,"showParticleSystems":true},"in2DMode":false,"pivot":{"x":26.494173049926759,"y":8.982929229736329,"z":-25.874494552612306},"rotation":{"x":0.14682483673095704,"y":-0.017400069162249566,"z":0.0016230040928348899,"w":0.9890353083610535},"size":0.8660253882408142,"orthographic":false}