{"cameraMode":{"drawMode":0,"name":"Shaded","section":"Shading Mode"},"sceneLighting":false,"audioPlay":false,"sceneViewState":{"showFog":true,"showMaterialUpdate":true,"showSkybox":false,"showFlares":true,"showImageEffects":true,"showParticleSystems":true},"in2DMode":false,"pivot":{"x":0.026241302490234376,"y":0.17791494727134705,"z":-0.08560752868652344},"rotation":{"x":0.35033753514289858,"y":0.1486828625202179,"z":-0.056497618556022647,"w":0.9230459928512573},"size":21.37246322631836,"orthographic":false}