{"cameraMode":{"drawMode":0,"name":"Shaded","section":"Shading Mode"},"sceneLighting":false,"audioPlay":false,"sceneViewState":{"showFog":true,"showMaterialUpdate":true,"showSkybox":false,"showFlares":true,"showImageEffects":true,"showParticleSystems":true},"in2DMode":false,"pivot":{"x":63.464599609375,"y":2.171877861022949,"z":-1.534975528717041},"rotation":{"x":-0.1124960333108902,"y":0.03786312788724899,"z":-0.004221610724925995,"w":-0.9929794669151306},"size":1.2093690633773804,"orthographic":false}