{"cameraMode":{"drawMode":0,"name":"Shaded","section":"Shading Mode"},"sceneLighting":false,"audioPlay":false,"sceneViewState":{"showFog":true,"showMaterialUpdate":true,"showSkybox":false,"showFlares":true,"showImageEffects":true,"showParticleSystems":true},"in2DMode":false,"pivot":{"x":110.10002136230469,"y":3.07835054397583,"z":-0.08417129516601563},"rotation":{"x":0.03642544895410538,"y":0.42039188742637637,"z":-0.017127512022852899,"w":0.9065275192260742},"size":3.6944124698638918,"orthographic":false}