{"cameraMode":{"drawMode":0,"name":"Shaded","section":"Shading Mode"},"sceneLighting":false,"audioPlay":false,"sceneViewState":{"showFog":true,"showMaterialUpdate":true,"showSkybox":false,"showFlares":true,"showImageEffects":true,"showParticleSystems":true},"in2DMode":false,"pivot":{"x":16.971057891845704,"y":5.065197944641113,"z":-1.5329493284225464},"rotation":{"x":-0.2938624322414398,"y":-0.011203905567526818,"z":0.0037150359712541105,"w":-0.955879807472229},"size":7.168581962585449,"orthographic":false}