{"cameraMode":{"drawMode":0,"name":"Shaded","section":"Shading Mode"},"sceneLighting":false,"audioPlay":false,"sceneViewState":{"showFog":true,"showMaterialUpdate":true,"showSkybox":false,"showFlares":true,"showImageEffects":true,"showParticleSystems":true},"in2DMode":false,"pivot":{"x":36.00920486450195,"y":1.8540235757827759,"z":-1.6857986450195313},"rotation":{"x":-0.18628355860710145,"y":-0.37146374583244326,"z":0.07695334404706955,"w":-0.9063726663589478},"size":1.8079251050949097,"orthographic":false}